{"data":{"years":[2010,2011,2012,2013],"X0.99":[401.94,172643.16,24641.5600000001,13962.7999999999],"X0.95":[401.7,4120.4,6145.8,4603],"X0.5":[336,165,205,173],"X0.25":[270.75,42,37,37]},"labels":[0.99,0.95,0.5,0.25]}